CLID,PDB,CHAIN,MUT,DDG,mut_seq,position,wt_aa,mut_aa,ddG_predicted
1BVCA,1BZ6,A,I28A,-2.06,VLSEGEWQLVLHVWAKVEADVAGHGQDALIRLFKSHPETLEKFDRFKHLKTEAEMKASEDLKKHGVTVLTALGAILKKKGHHEAELKPLAQSHATKHKIPIKYLEFISEAIIHVLHSRHPGDFGADAQGAMNKALELFRKDIAAKYKELGYQG,27,I,A,-0.3631569743156433
1BVCA,1BZ6,A,L29A,-0.39,VLSEGEWQLVLHVWAKVEADVAGHGQDIAIRLFKSHPETLEKFDRFKHLKTEAEMKASEDLKKHGVTVLTALGAILKKKGHHEAELKPLAQSHATKHKIPIKYLEFISEAIIHVLHSRHPGDFGADAQGAMNKALELFRKDIAAKYKELGYQG,28,L,A,-1.1720274686813354
1BVCA,1BZ6,A,I30A,-1.9,VLSEGEWQLVLHVWAKVEADVAGHGQDILARLFKSHPETLEKFDRFKHLKTEAEMKASEDLKKHGVTVLTALGAILKKKGHHEAELKPLAQSHATKHKIPIKYLEFISEAIIHVLHSRHPGDFGADAQGAMNKALELFRKDIAAKYKELGYQG,29,I,A,0.003710400313138962
1BVCA,1BZ6,A,L32A,-2.04,VLSEGEWQLVLHVWAKVEADVAGHGQDILIRAFKSHPETLEKFDRFKHLKTEAEMKASEDLKKHGVTVLTALGAILKKKGHHEAELKPLAQSHATKHKIPIKYLEFISEAIIHVLHSRHPGDFGADAQGAMNKALELFRKDIAAKYKELGYQG,31,L,A,-1.5593291521072388
1BVCA,1BZ6,A,H24V,-0.52,VLSEGEWQLVLHVWAKVEADVAGVGQDILIRLFKSHPETLEKFDRFKHLKTEAEMKASEDLKKHGVTVLTALGAILKKKGHHEAELKPLAQSHATKHKIPIKYLEFISEAIIHVLHSRHPGDFGADAQGAMNKALELFRKDIAAKYKELGYQG,23,H,V,-0.18899939954280853
1BVCA,1BZ6,A,H36Q,-1.3,VLSEGEWQLVLHVWAKVEADVAGHGQDILIRLFKSQPETLEKFDRFKHLKTEAEMKASEDLKKHGVTVLTALGAILKKKGHHEAELKPLAQSHATKHKIPIKYLEFISEAIIHVLHSRHPGDFGADAQGAMNKALELFRKDIAAKYKELGYQG,35,H,Q,-0.7594322562217712
1BVCA,1BZ6,A,H48Q,-0.62,VLSEGEWQLVLHVWAKVEADVAGHGQDILIRLFKSHPETLEKFDRFKQLKTEAEMKASEDLKKHGVTVLTALGAILKKKGHHEAELKPLAQSHATKHKIPIKYLEFISEAIIHVLHSRHPGDFGADAQGAMNKALELFRKDIAAKYKELGYQG,47,H,Q,-0.027058172971010208
1BVCA,1BZ6,A,H64Q,-0.45,VLSEGEWQLVLHVWAKVEADVAGHGQDILIRLFKSHPETLEKFDRFKHLKTEAEMKASEDLKKQGVTVLTALGAILKKKGHHEAELKPLAQSHATKHKIPIKYLEFISEAIIHVLHSRHPGDFGADAQGAMNKALELFRKDIAAKYKELGYQG,63,H,Q,-0.34300696849823
1BVCA,1BZ6,A,H82Q,-0.05,VLSEGEWQLVLHVWAKVEADVAGHGQDILIRLFKSHPETLEKFDRFKHLKTEAEMKASEDLKKHGVTVLTALGAILKKKGHQEAELKPLAQSHATKHKIPIKYLEFISEAIIHVLHSRHPGDFGADAQGAMNKALELFRKDIAAKYKELGYQG,81,H,Q,-0.4646170139312744
1BVCA,1BZ6,A,H93G,0.04,VLSEGEWQLVLHVWAKVEADVAGHGQDILIRLFKSHPETLEKFDRFKHLKTEAEMKASEDLKKHGVTVLTALGAILKKKGHHEAELKPLAQSGATKHKIPIKYLEFISEAIIHVLHSRHPGDFGADAQGAMNKALELFRKDIAAKYKELGYQG,92,H,G,-0.8630661368370056
1BVCA,1BZ6,A,H97Q,-0.11,VLSEGEWQLVLHVWAKVEADVAGHGQDILIRLFKSHPETLEKFDRFKHLKTEAEMKASEDLKKHGVTVLTALGAILKKKGHHEAELKPLAQSHATKQKIPIKYLEFISEAIIHVLHSRHPGDFGADAQGAMNKALELFRKDIAAKYKELGYQG,96,H,Q,-0.23853699862957
1BVCA,1BZ6,A,H113Q,-0.26,VLSEGEWQLVLHVWAKVEADVAGHGQDILIRLFKSHPETLEKFDRFKHLKTEAEMKASEDLKKHGVTVLTALGAILKKKGHHEAELKPLAQSHATKHKIPIKYLEFISEAIIQVLHSRHPGDFGADAQGAMNKALELFRKDIAAKYKELGYQG,112,H,Q,0.05768508091568947
1BVCA,1BZ6,A,H119F,-0.68,VLSEGEWQLVLHVWAKVEADVAGHGQDILIRLFKSHPETLEKFDRFKHLKTEAEMKASEDLKKHGVTVLTALGAILKKKGHHEAELKPLAQSHATKHKIPIKYLEFISEAIIHVLHSRFPGDFGADAQGAMNKALELFRKDIAAKYKELGYQG,118,H,F,-0.10439512133598328
1BVCA,1BZ6,A,G129A,1.05,VLSEGEWQLVLHVWAKVEADVAGHGQDILIRLFKSHPETLEKFDRFKHLKTEAEMKASEDLKKHGVTVLTALGAILKKKGHHEAELKPLAQSHATKHKIPIKYLEFISEAIIHVLHSRHPGDFGADAQAAMNKALELFRKDIAAKYKELGYQG,128,G,A,0.015457045286893845
1BVCA,1BZ6,A,V66A,0.75,VLSEGEWQLVLHVWAKVEADVAGHGQDILIRLFKSHPETLEKFDRFKHLKTEAEMKASEDLKKHGATVLTALGAILKKKGHHEAELKPLAQSHATKHKIPIKYLEFISEAIIHVLHSRHPGDFGADAQGAMNKALELFRKDIAAKYKELGYQG,65,V,A,-0.24198783934116364
1BVCA,1BZ6,A,P88A,0.59,VLSEGEWQLVLHVWAKVEADVAGHGQDILIRLFKSHPETLEKFDRFKHLKTEAEMKASEDLKKHGVTVLTALGAILKKKGHHEAELKALAQSHATKHKIPIKYLEFISEAIIHVLHSRHPGDFGADAQGAMNKALELFRKDIAAKYKELGYQG,87,P,A,0.2337532639503479
1BVCA,1BZ6,A,H116A,0.16,VLSEGEWQLVLHVWAKVEADVAGHGQDILIRLFKSHPETLEKFDRFKHLKTEAEMKASEDLKKHGVTVLTALGAILKKKGHHEAELKPLAQSHATKHKIPIKYLEFISEAIIHVLASRHPGDFGADAQGAMNKALELFRKDIAAKYKELGYQG,115,H,A,-0.13377214968204498
1BVCA,1BZ6,A,V13A,-0.67,VLSEGEWQLVLHAWAKVEADVAGHGQDILIRLFKSHPETLEKFDRFKHLKTEAEMKASEDLKKHGVTVLTALGAILKKKGHHEAELKPLAQSHATKHKIPIKYLEFISEAIIHVLHSRHPGDFGADAQGAMNKALELFRKDIAAKYKELGYQG,12,V,A,-0.4929708242416382
1BVCA,1BZ6,A,T67A,-0.26,VLSEGEWQLVLHVWAKVEADVAGHGQDILIRLFKSHPETLEKFDRFKHLKTEAEMKASEDLKKHGVAVLTALGAILKKKGHHEAELKPLAQSHATKHKIPIKYLEFISEAIIHVLHSRHPGDFGADAQGAMNKALELFRKDIAAKYKELGYQG,66,T,A,-0.18810610473155975
1BVCA,1BZ6,A,S117A,-0.26,VLSEGEWQLVLHVWAKVEADVAGHGQDILIRLFKSHPETLEKFDRFKHLKTEAEMKASEDLKKHGVTVLTALGAILKKKGHHEAELKPLAQSHATKHKIPIKYLEFISEAIIHVLHARHPGDFGADAQGAMNKALELFRKDIAAKYKELGYQG,116,S,A,0.0427437461912632
1BVCA,1BZ6,A,L11A,-0.44,VLSEGEWQLVAHVWAKVEADVAGHGQDILIRLFKSHPETLEKFDRFKHLKTEAEMKASEDLKKHGVTVLTALGAILKKKGHHEAELKPLAQSHATKHKIPIKYLEFISEAIIHVLHSRHPGDFGADAQGAMNKALELFRKDIAAKYKELGYQG,10,L,A,-0.365529328584671
1BVCA,1BZ6,A,L9A,-0.41,VLSEGEWQAVLHVWAKVEADVAGHGQDILIRLFKSHPETLEKFDRFKHLKTEAEMKASEDLKKHGVTVLTALGAILKKKGHHEAELKPLAQSHATKHKIPIKYLEFISEAIIHVLHSRHPGDFGADAQGAMNKALELFRKDIAAKYKELGYQG,8,L,A,-0.09507045149803162
1BVCA,1BZ6,A,G23A,-1.12,VLSEGEWQLVLHVWAKVEADVAAHGQDILIRLFKSHPETLEKFDRFKHLKTEAEMKASEDLKKHGVTVLTALGAILKKKGHHEAELKPLAQSHATKHKIPIKYLEFISEAIIHVLHSRHPGDFGADAQGAMNKALELFRKDIAAKYKELGYQG,22,G,A,0.10533961653709412
1BVCA,1BZ6,A,L137A,-1.78,VLSEGEWQLVLHVWAKVEADVAGHGQDILIRLFKSHPETLEKFDRFKHLKTEAEMKASEDLKKHGVTVLTALGAILKKKGHHEAELKPLAQSHATKHKIPIKYLEFISEAIIHVLHSRHPGDFGADAQGAMNKALEAFRKDIAAKYKELGYQG,136,L,A,-0.3513587713241577
1BVCA,1BZ6,A,V114A,-1.45,VLSEGEWQLVLHVWAKVEADVAGHGQDILIRLFKSHPETLEKFDRFKHLKTEAEMKASEDLKKHGVTVLTALGAILKKKGHHEAELKPLAQSHATKHKIPIKYLEFISEAIIHALHSRHPGDFGADAQGAMNKALELFRKDIAAKYKELGYQG,113,V,A,0.08682049810886383
1BVCA,1BZ6,A,T51A,-1.41,VLSEGEWQLVLHVWAKVEADVAGHGQDILIRLFKSHPETLEKFDRFKHLKAEAEMKASEDLKKHGVTVLTALGAILKKKGHHEAELKPLAQSHATKHKIPIKYLEFISEAIIHVLHSRHPGDFGADAQGAMNKALELFRKDIAAKYKELGYQG,50,T,A,-0.4097945988178253
1BVCA,1BZ6,A,L149A,-1.6,VLSEGEWQLVLHVWAKVEADVAGHGQDILIRLFKSHPETLEKFDRFKHLKTEAEMKASEDLKKHGVTVLTALGAILKKKGHHEAELKPLAQSHATKHKIPIKYLEFISEAIIHVLHSRHPGDFGADAQGAMNKALELFRKDIAAKYKEAGYQG,148,L,A,-0.7097225189208984
1BVCA,1BZ6,A,I142A,-1.92,VLSEGEWQLVLHVWAKVEADVAGHGQDILIRLFKSHPETLEKFDRFKHLKTEAEMKASEDLKKHGVTVLTALGAILKKKGHHEAELKPLAQSHATKHKIPIKYLEFISEAIIHVLHSRHPGDFGADAQGAMNKALELFRKDAAAKYKELGYQG,141,I,A,-1.5545350313186646
1BVCA,1BZ6,A,Q8A,-0.89,VLSEGEWALVLHVWAKVEADVAGHGQDILIRLFKSHPETLEKFDRFKHLKTEAEMKASEDLKKHGVTVLTALGAILKKKGHHEAELKPLAQSHATKHKIPIKYLEFISEAIIHVLHSRHPGDFGADAQGAMNKALELFRKDIAAKYKELGYQG,7,Q,A,0.15331004559993744
1BVCA,1BZ6,A,Q8G,0.5,VLSEGEWGLVLHVWAKVEADVAGHGQDILIRLFKSHPETLEKFDRFKHLKTEAEMKASEDLKKHGVTVLTALGAILKKKGHHEAELKPLAQSHATKHKIPIKYLEFISEAIIHVLHSRHPGDFGADAQGAMNKALELFRKDIAAKYKELGYQG,7,Q,G,-0.08710597455501556
1BVCA,1BZ6,A,E109A,-0.17,VLSEGEWQLVLHVWAKVEADVAGHGQDILIRLFKSHPETLEKFDRFKHLKTEAEMKASEDLKKHGVTVLTALGAILKKKGHHEAELKPLAQSHATKHKIPIKYLEFISAAIIHVLHSRHPGDFGADAQGAMNKALELFRKDIAAKYKELGYQG,108,E,A,0.098598912358284
1BVCA,1BZ6,A,E109G,0.89,VLSEGEWQLVLHVWAKVEADVAGHGQDILIRLFKSHPETLEKFDRFKHLKTEAEMKASEDLKKHGVTVLTALGAILKKKGHHEAELKPLAQSHATKHKIPIKYLEFISGAIIHVLHSRHPGDFGADAQGAMNKALELFRKDIAAKYKELGYQG,108,E,G,-0.19601523876190186
1BVCA,1BZ6,A,K140A,-0.35,VLSEGEWQLVLHVWAKVEADVAGHGQDILIRLFKSHPETLEKFDRFKHLKTEAEMKASEDLKKHGVTVLTALGAILKKKGHHEAELKPLAQSHATKHKIPIKYLEFISEAIIHVLHSRHPGDFGADAQGAMNKALELFRADIAAKYKELGYQG,139,K,A,-0.05020846426486969
1BVCA,1BZ6,A,L29F,-0.13,VLSEGEWQLVLHVWAKVEADVAGHGQDIFIRLFKSHPETLEKFDRFKHLKTEAEMKASEDLKKHGVTVLTALGAILKKKGHHEAELKPLAQSHATKHKIPIKYLEFISEAIIHVLHSRHPGDFGADAQGAMNKALELFRKDIAAKYKELGYQG,28,L,F,-1.1110949516296387
1BVCA,1BZ6,A,L29N,-5.59,VLSEGEWQLVLHVWAKVEADVAGHGQDINIRLFKSHPETLEKFDRFKHLKTEAEMKASEDLKKHGVTVLTALGAILKKKGHHEAELKPLAQSHATKHKIPIKYLEFISEAIIHVLHSRHPGDFGADAQGAMNKALELFRKDIAAKYKELGYQG,28,L,N,-2.064962387084961
1BVCA,1BZ6,A,F43V,-2.66,VLSEGEWQLVLHVWAKVEADVAGHGQDILIRLFKSHPETLEKVDRFKHLKTEAEMKASEDLKKHGVTVLTALGAILKKKGHHEAELKPLAQSHATKHKIPIKYLEFISEAIIHVLHSRHPGDFGADAQGAMNKALELFRKDIAAKYKELGYQG,42,F,V,-0.9444342255592346
1BVCA,1BZ6,A,F43I,-0.89,VLSEGEWQLVLHVWAKVEADVAGHGQDILIRLFKSHPETLEKIDRFKHLKTEAEMKASEDLKKHGVTVLTALGAILKKKGHHEAELKPLAQSHATKHKIPIKYLEFISEAIIHVLHSRHPGDFGADAQGAMNKALELFRKDIAAKYKELGYQG,42,F,I,-0.5241333246231079
1BVCA,1BZ6,A,H64Q,-0.54,VLSEGEWQLVLHVWAKVEADVAGHGQDILIRLFKSHPETLEKFDRFKHLKTEAEMKASEDLKKQGVTVLTALGAILKKKGHHEAELKPLAQSHATKHKIPIKYLEFISEAIIHVLHSRHPGDFGADAQGAMNKALELFRKDIAAKYKELGYQG,63,H,Q,-0.34300696849823
1BVCA,1BZ6,A,H64A,0.58,VLSEGEWQLVLHVWAKVEADVAGHGQDILIRLFKSHPETLEKFDRFKHLKTEAEMKASEDLKKAGVTVLTALGAILKKKGHHEAELKPLAQSHATKHKIPIKYLEFISEAIIHVLHSRHPGDFGADAQGAMNKALELFRKDIAAKYKELGYQG,63,H,A,-0.1146131157875061
1BVCA,1BZ6,A,H64L,1.05,VLSEGEWQLVLHVWAKVEADVAGHGQDILIRLFKSHPETLEKFDRFKHLKTEAEMKASEDLKKLGVTVLTALGAILKKKGHHEAELKPLAQSHATKHKIPIKYLEFISEAIIHVLHSRHPGDFGADAQGAMNKALELFRKDIAAKYKELGYQG,63,H,L,0.010331057012081146
1BVCA,1BZ6,A,H64F,1.51,VLSEGEWQLVLHVWAKVEADVAGHGQDILIRLFKSHPETLEKFDRFKHLKTEAEMKASEDLKKFGVTVLTALGAILKKKGHHEAELKPLAQSHATKHKIPIKYLEFISEAIIHVLHSRHPGDFGADAQGAMNKALELFRKDIAAKYKELGYQG,63,H,F,0.04627060517668724
1BVCA,1BZ6,A,V68F,0.82,VLSEGEWQLVLHVWAKVEADVAGHGQDILIRLFKSHPETLEKFDRFKHLKTEAEMKASEDLKKHGVTFLTALGAILKKKGHHEAELKPLAQSHATKHKIPIKYLEFISEAIIHVLHSRHPGDFGADAQGAMNKALELFRKDIAAKYKELGYQG,67,V,F,-0.47788941860198975
1BVCA,1BZ6,A,V68A,-0.93,VLSEGEWQLVLHVWAKVEADVAGHGQDILIRLFKSHPETLEKFDRFKHLKTEAEMKASEDLKKHGVTALTALGAILKKKGHHEAELKPLAQSHATKHKIPIKYLEFISEAIIHVLHSRHPGDFGADAQGAMNKALELFRKDIAAKYKELGYQG,67,V,A,-0.4669039249420166
1BVCA,1BZ6,A,V68Q,-2.42,VLSEGEWQLVLHVWAKVEADVAGHGQDILIRLFKSHPETLEKFDRFKHLKTEAEMKASEDLKKHGVTQLTALGAILKKKGHHEAELKPLAQSHATKHKIPIKYLEFISEAIIHVLHSRHPGDFGADAQGAMNKALELFRKDIAAKYKELGYQG,67,V,Q,-0.57282954454422
1BVCA,1BZ6,A,V68N,-3.81,VLSEGEWQLVLHVWAKVEADVAGHGQDILIRLFKSHPETLEKFDRFKHLKTEAEMKASEDLKKHGVTNLTALGAILKKKGHHEAELKPLAQSHATKHKIPIKYLEFISEAIIHVLHSRHPGDFGADAQGAMNKALELFRKDIAAKYKELGYQG,67,V,N,-0.3708798289299011
1BVCA,1BZ6,A,V68S,-2.99,VLSEGEWQLVLHVWAKVEADVAGHGQDILIRLFKSHPETLEKFDRFKHLKTEAEMKASEDLKKHGVTSLTALGAILKKKGHHEAELKPLAQSHATKHKIPIKYLEFISEAIIHVLHSRHPGDFGADAQGAMNKALELFRKDIAAKYKELGYQG,67,V,S,-0.4943430423736572
1BVCA,1BZ6,A,V68T,-1.67,VLSEGEWQLVLHVWAKVEADVAGHGQDILIRLFKSHPETLEKFDRFKHLKTEAEMKASEDLKKHGVTTLTALGAILKKKGHHEAELKPLAQSHATKHKIPIKYLEFISEAIIHVLHSRHPGDFGADAQGAMNKALELFRKDIAAKYKELGYQG,67,V,T,-0.40339988470077515
1BVCA,1BZ6,A,I107F,0.58,VLSEGEWQLVLHVWAKVEADVAGHGQDILIRLFKSHPETLEKFDRFKHLKTEAEMKASEDLKKHGVTVLTALGAILKKKGHHEAELKPLAQSHATKHKIPIKYLEFFSEAIIHVLHSRHPGDFGADAQGAMNKALELFRKDIAAKYKELGYQG,106,I,F,-0.9259348511695862
1BVCA,1BZ6,A,I107V,-1.09,VLSEGEWQLVLHVWAKVEADVAGHGQDILIRLFKSHPETLEKFDRFKHLKTEAEMKASEDLKKHGVTVLTALGAILKKKGHHEAELKPLAQSHATKHKIPIKYLEFVSEAIIHVLHSRHPGDFGADAQGAMNKALELFRKDIAAKYKELGYQG,106,I,V,-0.23519070446491241
1BVCA,1BZ6,A,I107T,-2.23,VLSEGEWQLVLHVWAKVEADVAGHGQDILIRLFKSHPETLEKFDRFKHLKTEAEMKASEDLKKHGVTVLTALGAILKKKGHHEAELKPLAQSHATKHKIPIKYLEFTSEAIIHVLHSRHPGDFGADAQGAMNKALELFRKDIAAKYKELGYQG,106,I,T,-0.6933053135871887
1BVCA,1BZ6,A,I28L,-0.55,VLSEGEWQLVLHVWAKVEADVAGHGQDLLIRLFKSHPETLEKFDRFKHLKTEAEMKASEDLKKHGVTVLTALGAILKKKGHHEAELKPLAQSHATKHKIPIKYLEFISEAIIHVLHSRHPGDFGADAQGAMNKALELFRKDIAAKYKELGYQG,27,I,L,-0.020933683961629868
1BVCA,1BZ6,A,I28M,-0.56,VLSEGEWQLVLHVWAKVEADVAGHGQDMLIRLFKSHPETLEKFDRFKHLKTEAEMKASEDLKKHGVTVLTALGAILKKKGHHEAELKPLAQSHATKHKIPIKYLEFISEAIIHVLHSRHPGDFGADAQGAMNKALELFRKDIAAKYKELGYQG,27,I,M,-0.21767137944698334
1BVCA,1BZ6,A,I28V,0.04,VLSEGEWQLVLHVWAKVEADVAGHGQDVLIRLFKSHPETLEKFDRFKHLKTEAEMKASEDLKKHGVTVLTALGAILKKKGHHEAELKPLAQSHATKHKIPIKYLEFISEAIIHVLHSRHPGDFGADAQGAMNKALELFRKDIAAKYKELGYQG,27,I,V,-0.29567113518714905
1BVCA,1BZ6,A,I28A,-1.33,VLSEGEWQLVLHVWAKVEADVAGHGQDALIRLFKSHPETLEKFDRFKHLKTEAEMKASEDLKKHGVTVLTALGAILKKKGHHEAELKPLAQSHATKHKIPIKYLEFISEAIIHVLHSRHPGDFGADAQGAMNKALELFRKDIAAKYKELGYQG,27,I,A,-0.3631569743156433
1BVCA,1BZ6,A,I111L,-0.64,VLSEGEWQLVLHVWAKVEADVAGHGQDILIRLFKSHPETLEKFDRFKHLKTEAEMKASEDLKKHGVTVLTALGAILKKKGHHEAELKPLAQSHATKHKIPIKYLEFISEALIHVLHSRHPGDFGADAQGAMNKALELFRKDIAAKYKELGYQG,110,I,L,-0.25469619035720825
1BVCA,1BZ6,A,I111M,-1.14,VLSEGEWQLVLHVWAKVEADVAGHGQDILIRLFKSHPETLEKFDRFKHLKTEAEMKASEDLKKHGVTVLTALGAILKKKGHHEAELKPLAQSHATKHKIPIKYLEFISEAMIHVLHSRHPGDFGADAQGAMNKALELFRKDIAAKYKELGYQG,110,I,M,-0.452915757894516
1BVCA,1BZ6,A,I111A,-1.84,VLSEGEWQLVLHVWAKVEADVAGHGQDILIRLFKSHPETLEKFDRFKHLKTEAEMKASEDLKKHGVTVLTALGAILKKKGHHEAELKPLAQSHATKHKIPIKYLEFISEAAIHVLHSRHPGDFGADAQGAMNKALELFRKDIAAKYKELGYQG,110,I,A,-1.029742956161499
1BVCA,1BZ6,A,I142L,0.63,VLSEGEWQLVLHVWAKVEADVAGHGQDILIRLFKSHPETLEKFDRFKHLKTEAEMKASEDLKKHGVTVLTALGAILKKKGHHEAELKPLAQSHATKHKIPIKYLEFISEAIIHVLHSRHPGDFGADAQGAMNKALELFRKDLAAKYKELGYQG,141,I,L,-0.52574622631073
1BVCA,1BZ6,A,I142M,0.93,VLSEGEWQLVLHVWAKVEADVAGHGQDILIRLFKSHPETLEKFDRFKHLKTEAEMKASEDLKKHGVTVLTALGAILKKKGHHEAELKPLAQSHATKHKIPIKYLEFISEAIIHVLHSRHPGDFGADAQGAMNKALELFRKDMAAKYKELGYQG,141,I,M,-0.7629749774932861
1BVCA,1BZ6,A,I142V,-0.12,VLSEGEWQLVLHVWAKVEADVAGHGQDILIRLFKSHPETLEKFDRFKHLKTEAEMKASEDLKKHGVTVLTALGAILKKKGHHEAELKPLAQSHATKHKIPIKYLEFISEAIIHVLHSRHPGDFGADAQGAMNKALELFRKDVAAKYKELGYQG,141,I,V,-0.9049078226089478
1BVCA,1BZ6,A,I142A,-1.1,VLSEGEWQLVLHVWAKVEADVAGHGQDILIRLFKSHPETLEKFDRFKHLKTEAEMKASEDLKKHGVTVLTALGAILKKKGHHEAELKPLAQSHATKHKIPIKYLEFISEAIIHVLHSRHPGDFGADAQGAMNKALELFRKDAAAKYKELGYQG,141,I,A,-1.5545350313186646
1BVCA,1BZ6,A,L29I,-1.12,VLSEGEWQLVLHVWAKVEADVAGHGQDIIIRLFKSHPETLEKFDRFKHLKTEAEMKASEDLKKHGVTVLTALGAILKKKGHHEAELKPLAQSHATKHKIPIKYLEFISEAIIHVLHSRHPGDFGADAQGAMNKALELFRKDIAAKYKELGYQG,28,L,I,-0.4845227003097534
1BVCA,1BZ6,A,L29M,0.12,VLSEGEWQLVLHVWAKVEADVAGHGQDIMIRLFKSHPETLEKFDRFKHLKTEAEMKASEDLKKHGVTVLTALGAILKKKGHHEAELKPLAQSHATKHKIPIKYLEFISEAIIHVLHSRHPGDFGADAQGAMNKALELFRKDIAAKYKELGYQG,28,L,M,-0.5679440498352051
1BVCA,1BZ6,A,L29V,-1.72,VLSEGEWQLVLHVWAKVEADVAGHGQDIVIRLFKSHPETLEKFDRFKHLKTEAEMKASEDLKKHGVTVLTALGAILKKKGHHEAELKPLAQSHATKHKIPIKYLEFISEAIIHVLHSRHPGDFGADAQGAMNKALELFRKDIAAKYKELGYQG,28,L,V,-0.662387490272522
1BVCA,1BZ6,A,L29A,-2.37,VLSEGEWQLVLHVWAKVEADVAGHGQDIAIRLFKSHPETLEKFDRFKHLKTEAEMKASEDLKKHGVTVLTALGAILKKKGHHEAELKPLAQSHATKHKIPIKYLEFISEAIIHVLHSRHPGDFGADAQGAMNKALELFRKDIAAKYKELGYQG,28,L,A,-1.1720274686813354
1BVCA,1BZ6,A,L69I,-0.02,VLSEGEWQLVLHVWAKVEADVAGHGQDILIRLFKSHPETLEKFDRFKHLKTEAEMKASEDLKKHGVTVITALGAILKKKGHHEAELKPLAQSHATKHKIPIKYLEFISEAIIHVLHSRHPGDFGADAQGAMNKALELFRKDIAAKYKELGYQG,68,L,I,0.0232118908315897
1BVCA,1BZ6,A,L69M,-0.0,VLSEGEWQLVLHVWAKVEADVAGHGQDILIRLFKSHPETLEKFDRFKHLKTEAEMKASEDLKKHGVTVMTALGAILKKKGHHEAELKPLAQSHATKHKIPIKYLEFISEAIIHVLHSRHPGDFGADAQGAMNKALELFRKDIAAKYKELGYQG,68,L,M,-0.13232417404651642
1BVCA,1BZ6,A,L69V,-0.1,VLSEGEWQLVLHVWAKVEADVAGHGQDILIRLFKSHPETLEKFDRFKHLKTEAEMKASEDLKKHGVTVVTALGAILKKKGHHEAELKPLAQSHATKHKIPIKYLEFISEAIIHVLHSRHPGDFGADAQGAMNKALELFRKDIAAKYKELGYQG,68,L,V,-0.2864747643470764
1BVCA,1BZ6,A,L69A,-1.18,VLSEGEWQLVLHVWAKVEADVAGHGQDILIRLFKSHPETLEKFDRFKHLKTEAEMKASEDLKKHGVTVATALGAILKKKGHHEAELKPLAQSHATKHKIPIKYLEFISEAIIHVLHSRHPGDFGADAQGAMNKALELFRKDIAAKYKELGYQG,68,L,A,-0.4280080795288086
1BVCA,1BZ6,A,L135I,-1.54,VLSEGEWQLVLHVWAKVEADVAGHGQDILIRLFKSHPETLEKFDRFKHLKTEAEMKASEDLKKHGVTVLTALGAILKKKGHHEAELKPLAQSHATKHKIPIKYLEFISEAIIHVLHSRHPGDFGADAQGAMNKAIELFRKDIAAKYKELGYQG,134,L,I,-0.31016889214515686
1BVCA,1BZ6,A,L135M,-0.79,VLSEGEWQLVLHVWAKVEADVAGHGQDILIRLFKSHPETLEKFDRFKHLKTEAEMKASEDLKKHGVTVLTALGAILKKKGHHEAELKPLAQSHATKHKIPIKYLEFISEAIIHVLHSRHPGDFGADAQGAMNKAMELFRKDIAAKYKELGYQG,134,L,M,-0.46452465653419495
1BVCA,1BZ6,A,L135V,-2.25,VLSEGEWQLVLHVWAKVEADVAGHGQDILIRLFKSHPETLEKFDRFKHLKTEAEMKASEDLKKHGVTVLTALGAILKKKGHHEAELKPLAQSHATKHKIPIKYLEFISEAIIHVLHSRHPGDFGADAQGAMNKAVELFRKDIAAKYKELGYQG,134,L,V,-0.7183778285980225
1BVCA,1BZ6,A,L49I,-0.8,VLSEGEWQLVLHVWAKVEADVAGHGQDILIRLFKSHPETLEKFDRFKHIKTEAEMKASEDLKKHGVTVLTALGAILKKKGHHEAELKPLAQSHATKHKIPIKYLEFISEAIIHVLHSRHPGDFGADAQGAMNKALELFRKDIAAKYKELGYQG,48,L,I,-0.4039251208305359
1BVCA,1BZ6,A,A130L,-2.3,VLSEGEWQLVLHVWAKVEADVAGHGQDILIRLFKSHPETLEKFDRFKHLKTEAEMKASEDLKKHGVTVLTALGAILKKKGHHEAELKPLAQSHATKHKIPIKYLEFISEAIIHVLHSRHPGDFGADAQGLMNKALELFRKDIAAKYKELGYQG,129,A,L,-0.08720998466014862
1BVCA,1BZ6,A,A130K,-3.7,VLSEGEWQLVLHVWAKVEADVAGHGQDILIRLFKSHPETLEKFDRFKHLKTEAEMKASEDLKKHGVTVLTALGAILKKKGHHEAELKPLAQSHATKHKIPIKYLEFISEAIIHVLHSRHPGDFGADAQGKMNKALELFRKDIAAKYKELGYQG,129,A,K,-0.3857242166996002
1BVCA,1BZ6,A,F123T,-3.5,VLSEGEWQLVLHVWAKVEADVAGHGQDILIRLFKSHPETLEKFDRFKHLKTEAEMKASEDLKKHGVTVLTALGAILKKKGHHEAELKPLAQSHATKHKIPIKYLEFISEAIIHVLHSRHPGDTGADAQGAMNKALELFRKDIAAKYKELGYQG,122,F,T,-0.520921528339386
1BVCA,1BZ6,A,E4A,-0.35,VLSAGEWQLVLHVWAKVEADVAGHGQDILIRLFKSHPETLEKFDRFKHLKTEAEMKASEDLKKHGVTVLTALGAILKKKGHHEAELKPLAQSHATKHKIPIKYLEFISEAIIHVLHSRHPGDFGADAQGAMNKALELFRKDIAAKYKELGYQG,3,E,A,0.07231442630290985
1BVCA,1BZ6,A,K133A,-0.05,VLSEGEWQLVLHVWAKVEADVAGHGQDILIRLFKSHPETLEKFDRFKHLKTEAEMKASEDLKKHGVTVLTALGAILKKKGHHEAELKPLAQSHATKHKIPIKYLEFISEAIIHVLHSRHPGDFGADAQGAMNAALELFRKDIAAKYKELGYQG,132,K,A,0.0908171534538269
1BVCA,1BZ6,A,D122A,-0.1,VLSEGEWQLVLHVWAKVEADVAGHGQDILIRLFKSHPETLEKFDRFKHLKTEAEMKASEDLKKHGVTVLTALGAILKKKGHHEAELKPLAQSHATKHKIPIKYLEFISEAIIHVLHSRHPGAFGADAQGAMNKALELFRKDIAAKYKELGYQG,121,D,A,-0.2631959617137909
1BVCA,1BZ6,A,E18A,-0.95,VLSEGEWQLVLHVWAKVAADVAGHGQDILIRLFKSHPETLEKFDRFKHLKTEAEMKASEDLKKHGVTVLTALGAILKKKGHHEAELKPLAQSHATKHKIPIKYLEFISEAIIHVLHSRHPGDFGADAQGAMNKALELFRKDIAAKYKELGYQG,17,E,A,0.0028039850294589996
1BVCA,1BZ6,A,K77A,0.2,VLSEGEWQLVLHVWAKVEADVAGHGQDILIRLFKSHPETLEKFDRFKHLKTEAEMKASEDLKKHGVTVLTALGAILAKKGHHEAELKPLAQSHATKHKIPIKYLEFISEAIIHVLHSRHPGDFGADAQGAMNKALELFRKDIAAKYKELGYQG,76,K,A,0.052577659487724304
1BVCA,1BZ6,A,D20A,-0.5,VLSEGEWQLVLHVWAKVEAAVAGHGQDILIRLFKSHPETLEKFDRFKHLKTEAEMKASEDLKKHGVTVLTALGAILKKKGHHEAELKPLAQSHATKHKIPIKYLEFISEAIIHVLHSRHPGDFGADAQGAMNKALELFRKDIAAKYKELGYQG,19,D,A,-0.15605083107948303
1BVCA,1BZ6,A,R118A,-0.65,VLSEGEWQLVLHVWAKVEADVAGHGQDILIRLFKSHPETLEKFDRFKHLKTEAEMKASEDLKKHGVTVLTALGAILKKKGHHEAELKPLAQSHATKHKIPIKYLEFISEAIIHVLHSAHPGDFGADAQGAMNKALELFRKDIAAKYKELGYQG,117,R,A,-0.23540931940078735
1BVCA,1BZ6,A,D44A,0.25,VLSEGEWQLVLHVWAKVEADVAGHGQDILIRLFKSHPETLEKFARFKHLKTEAEMKASEDLKKHGVTVLTALGAILKKKGHHEAELKPLAQSHATKHKIPIKYLEFISEAIIHVLHSRHPGDFGADAQGAMNKALELFRKDIAAKYKELGYQG,43,D,A,0.05657169595360756
1BVCA,1BZ6,A,D60A,-0.15,VLSEGEWQLVLHVWAKVEADVAGHGQDILIRLFKSHPETLEKFDRFKHLKTEAEMKASEALKKHGVTVLTALGAILKKKGHHEAELKPLAQSHATKHKIPIKYLEFISEAIIHVLHSRHPGDFGADAQGAMNKALELFRKDIAAKYKELGYQG,59,D,A,0.29748618602752686
1BVCA,1BZ6,A,K56A,-0.35,VLSEGEWQLVLHVWAKVEADVAGHGQDILIRLFKSHPETLEKFDRFKHLKTEAEMAASEDLKKHGVTVLTALGAILKKKGHHEAELKPLAQSHATKHKIPIKYLEFISEAIIHVLHSRHPGDFGADAQGAMNKALELFRKDIAAKYKELGYQG,55,K,A,-0.06380747258663177
1BVCA,1BZ6,A,R139A,-0.45,VLSEGEWQLVLHVWAKVEADVAGHGQDILIRLFKSHPETLEKFDRFKHLKTEAEMKASEDLKKHGVTVLTALGAILKKKGHHEAELKPLAQSHATKHKIPIKYLEFISEAIIHVLHSRHPGDFGADAQGAMNKALELFAKDIAAKYKELGYQG,138,R,A,-0.5105867981910706
1BVCA,1BZ6,A,W7F,-0.9,VLSEGEFQLVLHVWAKVEADVAGHGQDILIRLFKSHPETLEKFDRFKHLKTEAEMKASEDLKKHGVTVLTALGAILKKKGHHEAELKPLAQSHATKHKIPIKYLEFISEAIIHVLHSRHPGDFGADAQGAMNKALELFRKDIAAKYKELGYQG,6,W,F,-0.3792665898799896
1BVCA,1BZ6,A,W14F,-1.1,VLSEGEWQLVLHVFAKVEADVAGHGQDILIRLFKSHPETLEKFDRFKHLKTEAEMKASEDLKKHGVTVLTALGAILKKKGHHEAELKPLAQSHATKHKIPIKYLEFISEAIIHVLHSRHPGDFGADAQGAMNKALELFRKDIAAKYKELGYQG,13,W,F,-0.6910166144371033
1BVCA,1BZ6,A,M131A,-2.2,VLSEGEWQLVLHVWAKVEADVAGHGQDILIRLFKSHPETLEKFDRFKHLKTEAEMKASEDLKKHGVTVLTALGAILKKKGHHEAELKPLAQSHATKHKIPIKYLEFISEAIIHVLHSRHPGDFGADAQGAANKALELFRKDIAAKYKELGYQG,130,M,A,-0.5157170295715332
1BVCA,1BZ6,A,F123K,-2.1,VLSEGEWQLVLHVWAKVEADVAGHGQDILIRLFKSHPETLEKFDRFKHLKTEAEMKASEDLKKHGVTVLTALGAILKKKGHHEAELKPLAQSHATKHKIPIKYLEFISEAIIHVLHSRHPGDKGADAQGAMNKALELFRKDIAAKYKELGYQG,122,F,K,-0.652516782283783
1BVCA,1BZ6,A,A130K,-2.1,VLSEGEWQLVLHVWAKVEADVAGHGQDILIRLFKSHPETLEKFDRFKHLKTEAEMKASEDLKKHGVTVLTALGAILKKKGHHEAELKPLAQSHATKHKIPIKYLEFISEAIIHVLHSRHPGDFGADAQGKMNKALELFRKDIAAKYKELGYQG,129,A,K,-0.3857242166996002
1BVCA,1BZ6,A,A130L,-0.9,VLSEGEWQLVLHVWAKVEADVAGHGQDILIRLFKSHPETLEKFDRFKHLKTEAEMKASEDLKKHGVTVLTALGAILKKKGHHEAELKPLAQSHATKHKIPIKYLEFISEAIIHVLHSRHPGDFGADAQGLMNKALELFRKDIAAKYKELGYQG,129,A,L,-0.08720998466014862
1BVCA,1BZ6,A,H36Q,-0.8,VLSEGEWQLVLHVWAKVEADVAGHGQDILIRLFKSQPETLEKFDRFKHLKTEAEMKASEDLKKHGVTVLTALGAILKKKGHHEAELKPLAQSHATKHKIPIKYLEFISEAIIHVLHSRHPGDFGADAQGAMNKALELFRKDIAAKYKELGYQG,35,H,Q,-0.7594322562217712
1BVCA,1BZ6,A,V68T,-0.6,VLSEGEWQLVLHVWAKVEADVAGHGQDILIRLFKSHPETLEKFDRFKHLKTEAEMKASEDLKKHGVTTLTALGAILKKKGHHEAELKPLAQSHATKHKIPIKYLEFISEAIIHVLHSRHPGDFGADAQGAMNKALELFRKDIAAKYKELGYQG,67,V,T,-0.40339988470077515
1BVCA,1BZ6,A,V13A,-0.0,VLSEGEWQLVLHAWAKVEADVAGHGQDILIRLFKSHPETLEKFDRFKHLKTEAEMKASEDLKKHGVTVLTALGAILKKKGHHEAELKPLAQSHATKHKIPIKYLEFISEAIIHVLHSRHPGDFGADAQGAMNKALELFRKDIAAKYKELGYQG,12,V,A,-0.4929708242416382
1BVCA,1BZ6,A,L115A,-1.4,VLSEGEWQLVLHVWAKVEADVAGHGQDILIRLFKSHPETLEKFDRFKHLKTEAEMKASEDLKKHGVTVLTALGAILKKKGHHEAELKPLAQSHATKHKIPIKYLEFISEAIIHVAHSRHPGDFGADAQGAMNKALELFRKDIAAKYKELGYQG,114,L,A,-1.116661787033081
1BVCA,1BZ6,A,F123A,-1.1,VLSEGEWQLVLHVWAKVEADVAGHGQDILIRLFKSHPETLEKFDRFKHLKTEAEMKASEDLKKHGVTVLTALGAILKKKGHHEAELKPLAQSHATKHKIPIKYLEFISEAIIHVLHSRHPGDAGADAQGAMNKALELFRKDIAAKYKELGYQG,122,F,A,-0.6152782440185547
1BVCA,1BZ6,A,L135A,-1.7,VLSEGEWQLVLHVWAKVEADVAGHGQDILIRLFKSHPETLEKFDRFKHLKTEAEMKASEDLKKHGVTVLTALGAILKKKGHHEAELKPLAQSHATKHKIPIKYLEFISEAIIHVLHSRHPGDFGADAQGAMNKAAELFRKDIAAKYKELGYQG,134,L,A,-1.4681813716888428
1BVCA,1BZ6,A,L11A,-0.6,VLSEGEWQLVAHVWAKVEADVAGHGQDILIRLFKSHPETLEKFDRFKHLKTEAEMKASEDLKKHGVTVLTALGAILKKKGHHEAELKPLAQSHATKHKIPIKYLEFISEAIIHVLHSRHPGDFGADAQGAMNKALELFRKDIAAKYKELGYQG,10,L,A,-0.365529328584671
1BVCA,1BZ6,A,F106A,-0.7,VLSEGEWQLVLHVWAKVEADVAGHGQDILIRLFKSHPETLEKFDRFKHLKTEAEMKASEDLKKHGVTVLTALGAILKKKGHHEAELKPLAQSHATKHKIPIKYLEAISEAIIHVLHSRHPGDFGADAQGAMNKALELFRKDIAAKYKELGYQG,105,F,A,-0.3684913218021393
1BVCA,1BZ6,A,L137A,-0.3,VLSEGEWQLVLHVWAKVEADVAGHGQDILIRLFKSHPETLEKFDRFKHLKTEAEMKASEDLKKHGVTVLTALGAILKKKGHHEAELKPLAQSHATKHKIPIKYLEFISEAIIHVLHSRHPGDFGADAQGAMNKALEAFRKDIAAKYKELGYQG,136,L,A,-0.3513587713241577
1BVCA,1BZ6,A,A15L,0.1,VLSEGEWQLVLHVWLKVEADVAGHGQDILIRLFKSHPETLEKFDRFKHLKTEAEMKASEDLKKHGVTVLTALGAILKKKGHHEAELKPLAQSHATKHKIPIKYLEFISEAIIHVLHSRHPGDFGADAQGAMNKALELFRKDIAAKYKELGYQG,14,A,L,0.008040953427553177
1BVCA,1BZ6,A,A125L,0.6,VLSEGEWQLVLHVWAKVEADVAGHGQDILIRLFKSHPETLEKFDRFKHLKTEAEMKASEDLKKHGVTVLTALGAILKKKGHHEAELKPLAQSHATKHKIPIKYLEFISEAIIHVLHSRHPGDFGLDAQGAMNKALELFRKDIAAKYKELGYQG,124,A,L,0.024279896169900894
1BVCA,1BZ6,A,A144L,0.4,VLSEGEWQLVLHVWAKVEADVAGHGQDILIRLFKSHPETLEKFDRFKHLKTEAEMKASEDLKKHGVTVLTALGAILKKKGHHEAELKPLAQSHATKHKIPIKYLEFISEAIIHVLHSRHPGDFGADAQGAMNKALELFRKDIALKYKELGYQG,143,A,L,-0.07563719153404236
1BVCA,1BZ6,A,I28A,-0.53,VLSEGEWQLVLHVWAKVEADVAGHGQDALIRLFKSHPETLEKFDRFKHLKTEAEMKASEDLKKHGVTVLTALGAILKKKGHHEAELKPLAQSHATKHKIPIKYLEFISEAIIHVLHSRHPGDFGADAQGAMNKALELFRKDIAAKYKELGYQG,27,I,A,-0.3631569743156433
1BVCA,1BZ6,A,I28F,-0.28,VLSEGEWQLVLHVWAKVEADVAGHGQDFLIRLFKSHPETLEKFDRFKHLKTEAEMKASEDLKKHGVTVLTALGAILKKKGHHEAELKPLAQSHATKHKIPIKYLEFISEAIIHVLHSRHPGDFGADAQGAMNKALELFRKDIAAKYKELGYQG,27,I,F,-0.37727877497673035
1BVCA,1BZ6,A,L32W,-0.53,VLSEGEWQLVLHVWAKVEADVAGHGQDILIRWFKSHPETLEKFDRFKHLKTEAEMKASEDLKKHGVTVLTALGAILKKKGHHEAELKPLAQSHATKHKIPIKYLEFISEAIIHVLHSRHPGDFGADAQGAMNKALELFRKDIAAKYKELGYQG,31,L,W,-1.0347330570220947
1BVCA,1BZ6,A,L32A,-0.47,VLSEGEWQLVLHVWAKVEADVAGHGQDILIRAFKSHPETLEKFDRFKHLKTEAEMKASEDLKKHGVTVLTALGAILKKKGHHEAELKPLAQSHATKHKIPIKYLEFISEAIIHVLHSRHPGDFGADAQGAMNKALELFRKDIAAKYKELGYQG,31,L,A,-1.5593291521072388
1BVCA,1BZ6,A,L32F,-0.07,VLSEGEWQLVLHVWAKVEADVAGHGQDILIRFFKSHPETLEKFDRFKHLKTEAEMKASEDLKKHGVTVLTALGAILKKKGHHEAELKPLAQSHATKHKIPIKYLEFISEAIIHVLHSRHPGDFGADAQGAMNKALELFRKDIAAKYKELGYQG,31,L,F,-1.1291465759277344
1BVCA,1BZ6,A,H64F,0.81,VLSEGEWQLVLHVWAKVEADVAGHGQDILIRLFKSHPETLEKFDRFKHLKTEAEMKASEDLKKFGVTVLTALGAILKKKGHHEAELKPLAQSHATKHKIPIKYLEFISEAIIHVLHSRHPGDFGADAQGAMNKALELFRKDIAAKYKELGYQG,63,H,F,0.04627060517668724
1BVCA,1BZ6,A,H64A,0.49,VLSEGEWQLVLHVWAKVEADVAGHGQDILIRLFKSHPETLEKFDRFKHLKTEAEMKASEDLKKAGVTVLTALGAILKKKGHHEAELKPLAQSHATKHKIPIKYLEFISEAIIHVLHSRHPGDFGADAQGAMNKALELFRKDIAAKYKELGYQG,63,H,A,-0.1146131157875061
1BVCA,1BZ6,A,H64W,0.47,VLSEGEWQLVLHVWAKVEADVAGHGQDILIRLFKSHPETLEKFDRFKHLKTEAEMKASEDLKKWGVTVLTALGAILKKKGHHEAELKPLAQSHATKHKIPIKYLEFISEAIIHVLHSRHPGDFGADAQGAMNKALELFRKDIAAKYKELGYQG,63,H,W,0.09519612789154053
1BVCA,1BZ6,A,H64Q,0.02,VLSEGEWQLVLHVWAKVEADVAGHGQDILIRLFKSHPETLEKFDRFKHLKTEAEMKASEDLKKQGVTVLTALGAILKKKGHHEAELKPLAQSHATKHKIPIKYLEFISEAIIHVLHSRHPGDFGADAQGAMNKALELFRKDIAAKYKELGYQG,63,H,Q,-0.34300696849823
1BVCA,1BZ6,A,H64Y,0.52,VLSEGEWQLVLHVWAKVEADVAGHGQDILIRLFKSHPETLEKFDRFKHLKTEAEMKASEDLKKYGVTVLTALGAILKKKGHHEAELKPLAQSHATKHKIPIKYLEFISEAIIHVLHSRHPGDFGADAQGAMNKALELFRKDIAAKYKELGYQG,63,H,Y,-0.024902023375034332
1BVCA,1BZ6,A,H64L,0.61,VLSEGEWQLVLHVWAKVEADVAGHGQDILIRLFKSHPETLEKFDRFKHLKTEAEMKASEDLKKLGVTVLTALGAILKKKGHHEAELKPLAQSHATKHKIPIKYLEFISEAIIHVLHSRHPGDFGADAQGAMNKALELFRKDIAAKYKELGYQG,63,H,L,0.010331057012081146
1BVCA,1BZ6,A,H64I,0.38,VLSEGEWQLVLHVWAKVEADVAGHGQDILIRLFKSHPETLEKFDRFKHLKTEAEMKASEDLKKIGVTVLTALGAILKKKGHHEAELKPLAQSHATKHKIPIKYLEFISEAIIHVLHSRHPGDFGADAQGAMNKALELFRKDIAAKYKELGYQG,63,H,I,-0.14766894280910492
1BVCA,1BZ6,A,H64V,0.36,VLSEGEWQLVLHVWAKVEADVAGHGQDILIRLFKSHPETLEKFDRFKHLKTEAEMKASEDLKKVGVTVLTALGAILKKKGHHEAELKPLAQSHATKHKIPIKYLEFISEAIIHVLHSRHPGDFGADAQGAMNKALELFRKDIAAKYKELGYQG,63,H,V,-0.295023113489151
1BVCA,1BZ6,A,H64T,0.23,VLSEGEWQLVLHVWAKVEADVAGHGQDILIRLFKSHPETLEKFDRFKHLKTEAEMKASEDLKKTGVTVLTALGAILKKKGHHEAELKPLAQSHATKHKIPIKYLEFISEAIIHVLHSRHPGDFGADAQGAMNKALELFRKDIAAKYKELGYQG,63,H,T,-0.42496752738952637
1BVCA,1BZ6,A,H64N,-0.33,VLSEGEWQLVLHVWAKVEADVAGHGQDILIRLFKSHPETLEKFDRFKHLKTEAEMKASEDLKKNGVTVLTALGAILKKKGHHEAELKPLAQSHATKHKIPIKYLEFISEAIIHVLHSRHPGDFGADAQGAMNKALELFRKDIAAKYKELGYQG,63,H,N,-0.2606983780860901
1BVCA,1BZ6,A,H64R,-0.08,VLSEGEWQLVLHVWAKVEADVAGHGQDILIRLFKSHPETLEKFDRFKHLKTEAEMKASEDLKKRGVTVLTALGAILKKKGHHEAELKPLAQSHATKHKIPIKYLEFISEAIIHVLHSRHPGDFGADAQGAMNKALELFRKDIAAKYKELGYQG,63,H,R,-0.13133275508880615
1BVCA,1BZ6,A,H64G,-0.04,VLSEGEWQLVLHVWAKVEADVAGHGQDILIRLFKSHPETLEKFDRFKHLKTEAEMKASEDLKKGGVTVLTALGAILKKKGHHEAELKPLAQSHATKHKIPIKYLEFISEAIIHVLHSRHPGDFGADAQGAMNKALELFRKDIAAKYKELGYQG,63,H,G,-0.6178714632987976
1BVCA,1BZ6,A,T67F,0.19,VLSEGEWQLVLHVWAKVEADVAGHGQDILIRLFKSHPETLEKFDRFKHLKTEAEMKASEDLKKHGVFVLTALGAILKKKGHHEAELKPLAQSHATKHKIPIKYLEFISEAIIHVLHSRHPGDFGADAQGAMNKALELFRKDIAAKYKELGYQG,66,T,F,-0.3811536133289337
1BVCA,1BZ6,A,T67Q,0.23,VLSEGEWQLVLHVWAKVEADVAGHGQDILIRLFKSHPETLEKFDRFKHLKTEAEMKASEDLKKHGVQVLTALGAILKKKGHHEAELKPLAQSHATKHKIPIKYLEFISEAIIHVLHSRHPGDFGADAQGAMNKALELFRKDIAAKYKELGYQG,66,T,Q,-0.16103245317935944
1BVCA,1BZ6,A,T67P,-0.85,VLSEGEWQLVLHVWAKVEADVAGHGQDILIRLFKSHPETLEKFDRFKHLKTEAEMKASEDLKKHGVPVLTALGAILKKKGHHEAELKPLAQSHATKHKIPIKYLEFISEAIIHVLHSRHPGDFGADAQGAMNKALELFRKDIAAKYKELGYQG,66,T,P,-1.0612496137619019
1BVCA,1BZ6,A,V68F,0.38,VLSEGEWQLVLHVWAKVEADVAGHGQDILIRLFKSHPETLEKFDRFKHLKTEAEMKASEDLKKHGVTFLTALGAILKKKGHHEAELKPLAQSHATKHKIPIKYLEFISEAIIHVLHSRHPGDFGADAQGAMNKALELFRKDIAAKYKELGYQG,67,V,F,-0.47788941860198975
1BVCA,1BZ6,A,V68L,0.42,VLSEGEWQLVLHVWAKVEADVAGHGQDILIRLFKSHPETLEKFDRFKHLKTEAEMKASEDLKKHGVTLLTALGAILKKKGHHEAELKPLAQSHATKHKIPIKYLEFISEAIIHVLHSRHPGDFGADAQGAMNKALELFRKDIAAKYKELGYQG,67,V,L,-0.22201140224933624
1BVCA,1BZ6,A,V68W,-0.07,VLSEGEWQLVLHVWAKVEADVAGHGQDILIRLFKSHPETLEKFDRFKHLKTEAEMKASEDLKKHGVTWLTALGAILKKKGHHEAELKPLAQSHATKHKIPIKYLEFISEAIIHVLHSRHPGDFGADAQGAMNKALELFRKDIAAKYKELGYQG,67,V,W,-0.5579779148101807
1BVCA,1BZ6,A,V68I,0.35,VLSEGEWQLVLHVWAKVEADVAGHGQDILIRLFKSHPETLEKFDRFKHLKTEAEMKASEDLKKHGVTILTALGAILKKKGHHEAELKPLAQSHATKHKIPIKYLEFISEAIIHVLHSRHPGDFGADAQGAMNKALELFRKDIAAKYKELGYQG,67,V,I,-0.06338019669055939
1BVCA,1BZ6,A,V68A,-0.6,VLSEGEWQLVLHVWAKVEADVAGHGQDILIRLFKSHPETLEKFDRFKHLKTEAEMKASEDLKKHGVTALTALGAILKKKGHHEAELKPLAQSHATKHKIPIKYLEFISEAIIHVLHSRHPGDFGADAQGAMNKALELFRKDIAAKYKELGYQG,67,V,A,-0.4669039249420166
1BVCA,1BZ6,A,V68Y,-0.17,VLSEGEWQLVLHVWAKVEADVAGHGQDILIRLFKSHPETLEKFDRFKHLKTEAEMKASEDLKKHGVTYLTALGAILKKKGHHEAELKPLAQSHATKHKIPIKYLEFISEAIIHVLHSRHPGDFGADAQGAMNKALELFRKDIAAKYKELGYQG,67,V,Y,-0.6035802364349365
1BVCA,1BZ6,A,V68T,-0.57,VLSEGEWQLVLHVWAKVEADVAGHGQDILIRLFKSHPETLEKFDRFKHLKTEAEMKASEDLKKHGVTTLTALGAILKKKGHHEAELKPLAQSHATKHKIPIKYLEFISEAIIHVLHSRHPGDFGADAQGAMNKALELFRKDIAAKYKELGYQG,67,V,T,-0.40339988470077515
1BVCA,1BZ6,A,I107F,0.12,VLSEGEWQLVLHVWAKVEADVAGHGQDILIRLFKSHPETLEKFDRFKHLKTEAEMKASEDLKKHGVTVLTALGAILKKKGHHEAELKPLAQSHATKHKIPIKYLEFFSEAIIHVLHSRHPGDFGADAQGAMNKALELFRKDIAAKYKELGYQG,106,I,F,-0.9259348511695862
1BVCA,1BZ6,A,I107A,-0.43,VLSEGEWQLVLHVWAKVEADVAGHGQDILIRLFKSHPETLEKFDRFKHLKTEAEMKASEDLKKHGVTVLTALGAILKKKGHHEAELKPLAQSHATKHKIPIKYLEFASEAIIHVLHSRHPGDFGADAQGAMNKALELFRKDIAAKYKELGYQG,106,I,A,-0.9410067200660706
